Station,Date,Tmax,Tmin,Tavg,Depart,DewPoint,WetBulb,Heat,Cool,Sunrise,Sunset
2,2007-05-01,84,52,68,,51,57,0, 3,,
2,2007-05-02,60,43,52,,42,47,13, 0,,
2,2007-05-03,67,48,58,,40,50,7, 0,,
2,2007-05-04,78,51,,,42,50,,,,
2,2007-05-05,66,54,60,,39,50,5, 0,,
2,2007-05-06,68,52,60,,30,46,5, 0,,
2,2007-05-07,84,50,67,,39,53,0, 2,,
2,2007-05-08,80,60,70,,57,63,0, 5,,
2,2007-05-09,76,63,70,,60,63,0, 5,,
2,2007-05-10,83,59,71,,52,61,0, 6,,
2,2007-05-11,73,49,61,,44,51,4, 0,,
2,2007-05-12,65,47,56,,37,46,9, 0,,
2,2007-05-13,69,44,57,,32,46,8, 0,,
2,2007-05-14,90,54,72,,45,58,0, 7,,
2,2007-05-15,82,56,69,,56,61,0, 4,,
2,2007-05-16,64,45,55,,42,47,10, 0,,
2,2007-05-17,61,44,53,,32,43,12, 0,,
2,2007-05-18,70,43,57,,31,47,8, 0,,
2,2007-05-19,80,56,68,,37,53,0, 3,,
2,2007-05-20,69,44,57,,41,45,8, 0,,
2,2007-05-21,79,46,63,,50,57,2, 0,,
2,2007-05-22,87,60,74,,44,58,0, 9,,
2,2007-05-23,89,66,78,,48,61,0,13,,
2,2007-05-24,88,66,77,,53,63,0,12,,
2,2007-05-25,66,57,62,,46,53,3, 0,,
2,2007-05-26,70,50,60,,55,57,5, 0,,
2,2007-05-27,75,59,67,,49,57,0, 2,,
2,2007-05-28,76,54,65,,49,57,0, 0,,
2,2007-05-29,88,65,77,,59,66,0,12,,
2,2007-05-30,89,70,80,,57,66,0,15,,
2,2007-05-31,80,68,74,,61,66,0, 9,,
2,2007-06-01,86,67,77,,63,67,0,12,,
2,2007-06-02,81,68,75,,62,67,0,10,,
2,2007-06-03,77,64,71,,60,64,0, 6,,
2,2007-06-04,72,56,64,,57,60,1, 0,,
2,2007-06-05,63,51,57,,47,52,8, 0,,
2,2007-06-06,73,48,61,,47,55,4, 0,,
2,2007-06-07,92,71,82,,61,68,0,17,,
2,2007-06-08,81,63,72,,54,62,0, 7,,
2,2007-06-09,79,57,68,,49,58,0, 3,,
2,2007-06-10,81,61,71,,50,60,0, 6,,
2,2007-06-11,85,65,75,,51,61,0,10,,
2,2007-06-12,82,66,74,,51,61,0, 9,,
2,2007-06-13,86,68,77,,53,62,0,12,,
2,2007-06-14,89,68,79,,54,63,0,14,,
2,2007-06-15,89,67,78,,56,65,0,13,,
2,2007-06-16,92,68,80,,61,68,0,15,,
2,2007-06-17,91,71,81,,65,70,0,16,,
2,2007-06-18,89,73,81,,65,70,0,16,,
2,2007-06-19,81,65,73,,55,63,0, 8,,
2,2007-06-20,85,62,74,,50,61,0, 9,,
2,2007-06-21,80,66,73,,51,61,0, 8,,
2,2007-06-22,75,62,69,,49,58,0, 4,,
2,2007-06-23,68,61,65,,60,62,0, 0,,
2,2007-06-24,75,65,70,,62,65,0, 5,,
2,2007-06-25,86,67,77,,67,70,0,12,,
2,2007-06-26,91,73,82,,69,72,0,17,,
2,2007-06-27,89,71,80,,69,72,0,15,,
2,2007-06-28,73,61,67,,56,61,0, 2,,
2,2007-06-29,71,56,64,,56,60,1, 0,,
2,2007-06-30,77,58,68,,49,58,0, 3,,
2,2007-07-01,76,61,69,,51,59,0, 4,,
2,2007-07-02,77,58,68,,50,59,0, 3,,
2,2007-07-03,83,63,73,,56,63,0, 8,,
2,2007-07-04,84,67,76,,65,69,0,11,,
2,2007-07-05,88,70,79,,60,67,0,14,,
2,2007-07-06,84,68,76,,57,65,0,11,,
2,2007-07-07,88,68,78,,62,68,0,13,,
2,2007-07-08,93,75,84,,67,72,0,19,,
2,2007-07-09,93,72,83,,67,71,0,18,,
2,2007-07-10,89,70,80,,67,71,0,15,,
2,2007-07-11,77,63,70,,51,59,0, 5,,
2,2007-07-12,80,60,70,,51,60,0, 5,,
2,2007-07-13,74,59,67,,53,59,0, 2,,
2,2007-07-14,85,62,74,,55,62,0, 9,,
2,2007-07-15,80,64,72,,52,61,0, 7,,
2,2007-07-16,82,66,74,,60,65,0, 9,,
2,2007-07-17,83,69,76,,65,69,0,11,,
2,2007-07-18,85,69,77,,69,71,0,12,,
2,2007-07-19,82,63,73,,62,66,0, 8,,
2,2007-07-20,74,62,68,,52,59,0, 3,,
2,2007-07-21,75,58,67,,52,59,0, 2,,
2,2007-07-22,81,61,71,,54,61,0, 6,,
2,2007-07-23,82,63,73,,55,63,0, 8,,
2,2007-07-24,82,65,74,,57,64,0, 9,,
2,2007-07-25,83,70,77,,60,66,0,12,,
2,2007-07-26,84,64,74,,65,68,0, 9,,
2,2007-07-27,83,70,77,,67,70,0,12,,
2,2007-07-28,80,70,75,,65,68,0,10,,
2,2007-07-29,85,67,76,,56,64,0,11,,
2,2007-07-30,86,65,76,,57,65,0,11,,
2,2007-07-31,89,69,79,,60,68,0,14,,
2,2007-08-01,91,69,80,,63,70,0,15,,
2,2007-08-02,91,73,82,,66,72,0,17,,
2,2007-08-03,88,73,81,,58,67,0,16,,
2,2007-08-04,81,68,75,,58,65,0,10,,
2,2007-08-05,88,68,78,,71,72,0,13,,
2,2007-08-06,85,75,80,,72,74,0,15,,
2,2007-08-07,92,73,83,,73,76,0,18,,
2,2007-08-08,87,74,81,,72,74,0,16,,
2,2007-08-09,85,73,79,,71,73,0,14,,
2,2007-08-10,86,73,80,,69,72,0,15,,
2,2007-08-11,88,68,78,,65,70,0,13,,
2,2007-08-12,87,68,78,,67,70,0,13,,
2,2007-08-13,80,69,75,,54,63,0,10,,
2,2007-08-14,84,65,75,,66,69,0,10,,
2,2007-08-15,81,72,77,,69,71,0,12,,
2,2007-08-16,77,67,72,,65,68,0, 7,,
2,2007-08-17,80,65,73,,54,62,0, 8,,
2,2007-08-18,69,60,65,,54,58,0, 0,,
2,2007-08-19,69,62,66,,63,64,0, 1,,
2,2007-08-20,76,68,72,,69,70,0, 7,,
2,2007-08-21,85,69,77,,70,72,0,12,,
2,2007-08-22,90,70,80,,70,73,0,15,,
2,2007-08-23,89,70,80,,69,71,0,15,,
2,2007-08-24,81,69,75,,67,69,0,10,,
2,2007-08-25,76,65,71,,63,66,0, 6,,
2,2007-08-26,78,61,70,,55,62,0, 5,,
2,2007-08-27,79,63,71,,59,64,0, 6,,
2,2007-08-28,90,69,80,,65,70,0,15,,
2,2007-08-29,86,69,78,,64,69,0,13,,
2,2007-08-30,75,60,68,,54,61,0, 3,,
2,2007-08-31,76,57,67,,54,60,0, 2,,
2,2007-09-01,79,60,70,,56,62,0, 5,,
2,2007-09-02,84,62,73,,56,63,0, 8,,
2,2007-09-03,88,64,76,,61,67,0,11,,
2,2007-09-04,90,67,79,,59,67,0,14,,
2,2007-09-05,91,72,82,,62,69,0,17,,
2,2007-09-06,84,74,79,,66,70,0,14,,
2,2007-09-07,84,71,78,,67,70,0,13,,
2,2007-09-08,78,68,73,,58,64,0, 8,,
2,2007-09-09,79,63,71,,59,64,0, 6,,
2,2007-09-10,73,55,64,,59,62,1, 0,,
2,2007-09-11,71,51,61,,44,52,4, 0,,
2,2007-09-12,66,46,56,,43,50,9, 0,,
2,2007-09-13,79,53,66,,43,54,0, 1,,
2,2007-09-14,67,47,57,,40,49,8, 0,,
2,2007-09-15,62,42,52,,35,45,13, 0,,
2,2007-09-16,72,49,61,,38,50,4, 0,,
2,2007-09-17,80,55,68,,48,57,0, 3,,
2,2007-09-18,89,66,78,,57,65,0,13,,
2,2007-09-19,84,68,76,,59,65,0,11,,
2,2007-09-20,76,63,70,,59,64,0, 5,,
2,2007-09-21,90,68,79,,59,66,0,14,,
2,2007-09-22,72,58,65,,45,55,0, 0,,
2,2007-09-23,83,55,69,,50,59,0, 4,,
2,2007-09-24,91,71,81,,62,69,0,16,,
2,2007-09-25,83,67,75,,66,69,0,10,,
2,2007-09-26,68,55,62,,51,56,3, 0,,
2,2007-09-27,74,52,63,,49,55,2, 0,,
2,2007-09-28,73,53,63,,46,54,2, 0,,
2,2007-09-29,82,52,67,,45,55,0, 2,,
2,2007-09-30,84,61,73,,48,59,0, 8,,
2,2007-10-01,68,59,64,,59,61,1, 0,,
2,2007-10-02,80,59,70,,59,63,0, 5,,
2,2007-10-03,74,56,65,,47,56,0, 0,,
2,2007-10-04,83,56,70,,56,62,0, 5,,
2,2007-10-05,85,68,77,,65,69,0,12,,
2,2007-10-06,88,71,80,,66,71,0,15,,
2,2007-10-07,88,70,79,,65,70,0,14,,
2,2007-10-08,88,62,75,,60,66,0,10,,
2,2007-10-09,77,50,64,,44,53,1, 0,,
2,2007-10-10,53,47,50,,37,44,15, 0,,
2,2007-10-11,56,48,52,,39,45,13, 0,,
2,2007-10-12,57,45,51,,35,43,14, 0,,
2,2007-10-13,59,44,52,,40,47,13, 0,,
2,2007-10-14,63,55,59,,47,52,6, 0,,
2,2007-10-15,77,55,66,,50,57,0, 1,,
2,2007-10-16,68,56,62,,55,58,3, 0,,
2,2007-10-17,74,50,62,,53,57,3, 0,,
2,2007-10-18,79,60,70,,57,62,0, 5,,
2,2007-10-19,61,53,57,,48,52,8, 0,,
2,2007-10-20,74,47,61,,43,52,4, 0,,
2,2007-10-21,79,61,70,,46,56,0, 5,,
2,2007-10-22,66,47,57,,47,51,8, 0,,
2,2007-10-23,53,46,50,,39,45,15, 0,,
2,2007-10-24,53,45,49,,35,43,16, 0,,
2,2007-10-25,57,45,51,,40,46,14, 0,,
2,2007-10-26,66,53,60,,49,52,5, 0,,
2,2007-10-27,57,39,48,,41,46,17, 0,,
2,2007-10-28,56,34,45,,30,39,20, 0,,
2,2007-10-29,60,39,50,,32,42,15, 0,,
2,2007-10-30,66,42,54,,37,46,11, 0,,
2,2007-10-31,63,43,53,,38,46,12, 0,,
2,2008-05-01,73,48,61,,51,57,4, 0,,
2,2008-05-02,74,55,65,,56,60,0, 0,,
2,2008-05-03,56,44,50,,42,46,15, 0,,
2,2008-05-04,66,39,53,,33,45,12, 0,,
2,2008-05-05,74,50,62,,38,50,3, 0,,
2,2008-05-06,82,52,67,,43,55,0, 2,,
2,2008-05-07,71,50,61,,53,56,4, 0,,
2,2008-05-08,59,47,53,,36,45,12, 0,,
2,2008-05-09,58,42,50,,35,44,15, 0,,
2,2008-05-10,61,41,51,,39,46,14, 0,,
2,2008-05-11,60,47,54,,44,48,11, 0,,
2,2008-05-12,53,41,47,,39,43,18, 0,,
2,2008-05-13,73,45,59,,45,52,6, 0,,
2,2008-05-14,61,46,54,,49,52,11, 0,,
2,2008-05-15,57,43,50,,37,45,15, 0,,
2,2008-05-16,72,41,57,,41,50,8, 0,,
2,2008-05-17,73,50,62,,41,52,3, 0,,
2,2008-05-18,55,45,50,,40,46,15, 0,,
2,2008-05-19,59,42,51,,34,44,14, 0,,
2,2008-05-20,64,49,57,,37,47,8, 0,,
2,2008-05-21,65,45,55,,36,46,10, 0,,
2,2008-05-22,56,47,52,,38,45,13, 0,,
2,2008-05-23,59,48,54,,40,46,11, 0,,
2,2008-05-24,68,44,56,,38,48,9, 0,,
2,2008-05-25,78,51,65,,48,57,0, 0,,
2,2008-05-26,84,53,69,,60,65,0, 4,,
2,2008-05-27,53,45,49,,36,43,16, 0,,
2,2008-05-28,61,45,53,,35,44,12, 0,,
2,2008-05-29,68,45,57,,38,48,8, 0,,
2,2008-05-30,77,58,68,,60,63,0, 3,,
2,2008-05-31,79,60,70,,56,62,0, 5,,
2,2008-06-01,71,56,64,,46,55,1, 0,,
2,2008-06-02,85,61,73,,53,61,0, 8,,
2,2008-06-03,74,57,66,,58,60,0, 1,,
2,2008-06-04,78,59,69,,61,64,0, 4,,
2,2008-06-05,88,68,78,,69,72,0,13,,
2,2008-06-06,86,73,80,,69,72,0,15,,
2,2008-06-07,84,72,78,,71,73,0,13,,
2,2008-06-08,87,65,76,,69,71,0,11,,
2,2008-06-09,74,65,70,,64,66,0, 5,,
2,2008-06-10,80,60,70,,56,63,0, 5,,
2,2008-06-11,86,66,76,,55,64,0,11,,
2,2008-06-12,91,73,82,,63,70,0,17,,
2,2008-06-13,82,66,74,,63,66,0, 9,,
2,2008-06-14,84,61,73,,52,62,0, 8,,
2,2008-06-15,82,60,71,,60,64,0, 6,,
2,2008-06-16,74,60,67,,49,57,0, 2,,
2,2008-06-17,76,56,66,,46,55,0, 1,,
2,2008-06-18,75,58,67,,49,56,0, 2,,
2,2008-06-19,80,55,68,,47,57,0, 3,,
2,2008-06-20,83,60,72,,52,59,0, 7,,
2,2008-06-21,83,62,73,,53,61,0, 8,,
2,2008-06-22,81,61,71,,53,60,0, 6,,
2,2008-06-23,76,57,67,,54,59,0, 2,,
2,2008-06-24,82,57,70,,52,60,0, 5,,
2,2008-06-25,79,67,73,,65,68,0, 8,,
2,2008-06-26,87,71,79,,67,71,0,14,,
2,2008-06-27,85,69,77,,67,70,0,12,,
2,2008-06-28,84,66,75,,55,63,0,10,,
2,2008-06-29,77,61,69,,58,61,0, 4,,
2,2008-06-30,81,59,70,,49,58,0, 5,,
2,2008-07-01,84,57,71,,50,60,0, 6,,
2,2008-07-02,89,63,76,,62,67,0,11,,
2,2008-07-03,71,59,65,,51,57,0, 0,,
2,2008-07-04,75,58,67,,50,58,0, 2,,
2,2008-07-05,79,57,68,,52,60,0, 3,,
2,2008-07-06,88,63,76,,58,65,0,11,,
2,2008-07-07,87,74,81,,68,71,0,16,,
2,2008-07-08,86,46,,,68,71,,,,
2,2008-07-09,85,67,76,,55,64,0,11,,
2,2008-07-10,84,64,74,,62,67,0, 9,,
2,2008-07-11,89,64,77,,65,69,0,12,,
2,2008-07-12,83,66,75,,64,67,0,10,,
2,2008-07-13,79,61,70,,53,61,0, 5,,
2,2008-07-14,84,62,73,,54,62,0, 8,,
2,2008-07-15,91,67,79,,63,69,0,14,,
2,2008-07-16,91,73,82,,67,71,0,17,,
2,2008-07-17,90,74,82,,66,71,0,17,,
2,2008-07-18,91,73,82,,67,71,0,17,,
2,2008-07-19,80,70,75,,70,71,0,10,,
2,2008-07-20,86,68,77,,68,71,0,12,,
2,2008-07-21,84,70,77,,66,69,0,12,,
2,2008-07-22,75,66,71,,61,64,0, 6,,
2,2008-07-23,81,60,71,,52,61,0, 6,,
2,2008-07-24,82,60,71,,52,61,0, 6,,
2,2008-07-25,84,65,75,,63,67,0,10,,
2,2008-07-26,85,67,76,,58,66,0,11,,
2,2008-07-27,83,63,73,,58,65,0, 8,,
2,2008-07-28,84,70,77,,63,68,0,12,,
2,2008-07-29,89,70,80,,67,71,0,15,,
2,2008-07-30,90,72,81,,67,71,0,16,,
2,2008-07-31,89,71,80,,69,72,0,15,,
2,2008-08-01,89,72,81,,69,73,0,16,,
2,2008-08-02,80,68,74,,60,65,0, 9,,
2,2008-08-03,85,63,74,,61,67,0, 9,,
2,2008-08-04,88,69,79,,69,71,0,14,,
2,2008-08-05,88,71,80,,69,72,0,15,,
2,2008-08-06,84,67,76,,60,66,0,11,,
2,2008-08-07,81,63,72,,57,63,0, 7,,
2,2008-08-08,78,64,71,,54,61,0, 6,,
2,2008-08-09,78,61,70,,58,63,0, 5,,
2,2008-08-10,74,61,68,,53,59,0, 3,,
2,2008-08-11,76,60,68,,57,62,0, 3,,
2,2008-08-12,77,62,70,,57,62,0, 5,,
2,2008-08-13,77,66,72,,59,63,0, 7,,
2,2008-08-14,78,65,72,,60,64,0, 7,,
2,2008-08-15,78,61,70,,55,61,0, 5,,
2,2008-08-16,82,59,71,,53,61,0, 6,,
2,2008-08-17,85,63,74,,59,65,0, 9,,
2,2008-08-18,85,65,75,,58,65,0,10,,
2,2008-08-19,84,65,75,,64,68,0,10,,
2,2008-08-20,81,67,74,,59,65,0, 9,,
2,2008-08-21,82,69,76,,60,66,0,11,,
2,2008-08-22,84,75,80,,69,72,0,15,,
2,2008-08-23,90,69,80,,68,71,0,15,,
2,2008-08-24,78,65,72,,57,63,0, 7,,
2,2008-08-25,74,66,70,,56,61,0, 5,,
2,2008-08-26,75,61,68,,55,61,0, 3,,
2,2008-08-27,82,60,71,,57,63,0, 6,,
2,2008-08-28,81,67,74,,65,68,0, 9,,
2,2008-08-29,84,67,76,,61,66,0,11,,
2,2008-08-30,87,61,74,,55,64,0, 9,,
2,2008-08-31,89,65,77,,57,65,0,12,,
2,2008-09-01,89,67,78,,54,64,0,13,,
2,2008-09-02,95,68,82,,61,68,0,17,,
2,2008-09-03,77,68,73,,62,65,0, 8,,
2,2008-09-04,68,63,66,,63,64,0, 1,,
2,2008-09-05,68,58,63,,58,60,2, 0,,
2,2008-09-06,74,56,65,,54,59,0, 0,,
2,2008-09-07,74,58,66,,52,58,0, 1,,
2,2008-09-08,70,53,62,,54,56,3, 0,,
2,2008-09-09,68,49,59,,46,52,6, 0,,
2,2008-09-10,72,50,61,,47,54,4, 0,,
2,2008-09-11,79,57,68,,57,62,0, 3,,
2,2008-09-12,73,69,71,,68,69,0, 6,,
2,2008-09-13,77,69,73,,71,72,0, 8,,
2,2008-09-14,72,58,65,,62,63,0, 0,,
2,2008-09-15,65,55,60,,53,56,5, 0,,
2,2008-09-16,71,50,61,,50,55,4, 0,,
2,2008-09-17,83,58,71,,56,61,0, 6,,
2,2008-09-18,74,62,68,,56,60,0, 3,,
2,2008-09-19,79,58,69,,53,60,0, 4,,
2,2008-09-20,82,59,71,,56,62,0, 6,,
2,2008-09-21,80,60,70,,61,65,0, 5,,
2,2008-09-22,82,63,73,,59,64,0, 8,,
2,2008-09-23,83,63,73,,56,63,0, 8,,
2,2008-09-24,82,62,72,,57,63,0, 7,,
2,2008-09-25,78,66,72,,61,65,0, 7,,
2,2008-09-26,78,60,69,,54,61,0, 4,,
2,2008-09-27,80,55,68,,54,60,0, 3,,
2,2008-09-28,69,60,65,,57,60,0, 0,,
2,2008-09-29,65,56,61,,57,59,4, 0,,
2,2008-09-30,61,48,55,,45,50,10, 0,,
2,2008-10-01,62,46,,,41,47,,,,
2,2008-10-02,62,43,53,,40,47,12, 0,,
2,2008-10-03,59,49,54,,43,49,11, 0,,
2,2008-10-04,60,42,51,,39,46,14, 0,,
2,2008-10-05,61,46,54,,41,49,11, 0,,
2,2008-10-06,70,56,63,,46,54,2, 0,,
2,2008-10-07,65,56,61,,52,56,4, 0,,
2,2008-10-08,63,52,58,,52,55,7, 0,,
2,2008-10-09,69,48,59,,39,49,6, 0,,
2,2008-10-10,73,46,60,,41,51,5, 0,,
2,2008-10-11,80,55,68,,50,57,0, 3,,
2,2008-10-12,86,62,74,,54,62,0, 9,,
2,2008-10-13,79,64,72,,57,63,0, 7,,
2,2008-10-14,70,55,63,,43,52,2, 0,,
2,2008-10-15,64,50,57,,51,54,8, 0,,
2,2008-10-16,59,44,52,,39,45,13, 0,,
2,2008-10-17,56,44,50,,40,46,15, 0,,
2,2008-10-18,60,46,53,,41,47,12, 0,,
2,2008-10-19,62,44,53,,37,46,12, 0,,
2,2008-10-20,56,44,50,,43,47,15, 0,,
2,2008-10-21,55,39,47,,37,43,18, 0,,
2,2008-10-22,54,40,47,,29,40,18, 0,,
2,2008-10-23,60,40,50,,34,43,15, 0,,
2,2008-10-24,56,45,51,,44,47,14, 0,,
2,2008-10-25,53,43,48,,41,45,17, 0,,
2,2008-10-26,56,36,46,,34,41,19, 0,,
2,2008-10-27,47,34,41,,28,35,24, 0,,
2,2008-10-28,45,32,39,,23,33,26, 0,,
2,2008-10-29,51,33,42,,25,35,23, 0,,
2,2008-10-30,63,34,49,,31,41,16, 0,,
2,2008-10-31,71,49,60,,46,51,5, 0,,
2,2009-05-01,62,48,55,,42,48,10, 0,,
2,2009-05-02,65,45,55,,34,46,10, 0,,
2,2009-05-03,70,45,58,,35,48,7, 0,,
2,2009-05-04,70,49,60,,36,48,5, 0,,
2,2009-05-05,70,54,62,,41,51,3, 0,,
2,2009-05-06,75,56,66,,51,56,0, 1,,
2,2009-05-07,77,56,67,,53,58,0, 2,,
2,2009-05-08,74,57,66,,55,59,0, 1,,
2,2009-05-09,64,45,55,,44,49,10, 0,,
2,2009-05-10,67,43,55,,40,47,10, 0,,
2,2009-05-11,61,40,51,,34,44,14, 0,,
2,2009-05-12,72,44,58,,32,47,7, 0,,
2,2009-05-13,71,54,63,,58,60,2, 0,,
2,2009-05-14,69,55,62,,44,53,3, 0,,
2,2009-05-15,63,55,59,,52,55,6, 0,,
2,2009-05-16,62,47,55,,41,50,10, 0,,
2,2009-05-17,59,41,50,,28,42,15, 0,,
2,2009-05-18,67,45,56,,30,45,9, 0,,
2,2009-05-19,80,54,67,,43,54,0, 2,,
2,2009-05-20,85,61,73,,43,57,0, 8,,
2,2009-05-21,85,60,73,,48,59,0, 8,,
2,2009-05-22,70,56,63,,47,54,2, 0,,
2,2009-05-23,79,55,67,,51,58,0, 2,,
2,2009-05-24,70,56,63,,47,54,2, 0,,
2,2009-05-25,64,56,60,,46,53,5, 0,,
2,2009-05-26,76,56,66,,54,58,0, 1,,
2,2009-05-27,75,58,67,,60,63,0, 2,,
2,2009-05-28,64,55,60,,51,54,5, 0,,
2,2009-05-29,77,55,66,,49,55,0, 1,,
2,2009-05-30,79,53,66,,46,55,0, 1,,
2,2009-05-31,72,49,61,,43,52,4, 0,,
2,2009-06-01,80,52,66,,54,58,0, 1,,
2,2009-06-02,61,50,56,,47,51,9, 0,,
2,2009-06-03,61,47,54,,40,48,11, 0,,
2,2009-06-04,68,47,58,,38,49,7, 0,,
2,2009-06-05,80,47,64,,43,54,1, 0,,
2,2009-06-06,66,55,61,,48,53,4, 0,,
2,2009-06-07,74,56,65,,54,59,0, 0,,
2,2009-06-08,82,55,69,,61,65,0, 4,,
2,2009-06-09,67,56,62,,53,56,3, 0,,
2,2009-06-10,67,55,61,,50,55,4, 0,,
2,2009-06-11,60,53,57,,53,54,8, 0,,
2,2009-06-12,72,50,61,,49,55,4, 0,,
2,2009-06-13,66,56,61,,52,55,4, 0,,
2,2009-06-14,76,54,65,,50,57,0, 0,,
2,2009-06-15,81,57,69,,49,58,0, 4,,
2,2009-06-16,71,64,68,,57,61,0, 3,,
2,2009-06-17,73,63,68,,60,63,0, 3,,
2,2009-06-18,81,63,72,,64,67,0, 7,,
2,2009-06-19,88,66,77,,68,70,0,12,,
2,2009-06-20,88,69,79,,65,70,0,14,,
2,2009-06-21,86,71,79,,64,69,0,14,,
2,2009-06-22,89,70,80,,67,71,0,15,,
2,2009-06-23,92,75,84,,68,73,0,19,,
2,2009-06-24,93,73,83,,68,73,0,18,,
2,2009-06-25,93,76,85,,68,73,0,20,,
2,2009-06-26,86,72,79,,61,67,0,14,,
2,2009-06-27,90,67,79,,60,67,0,14,,
2,2009-06-28,83,68,76,,53,62,0,11,,
2,2009-06-29,78,65,72,,54,61,0, 7,,
2,2009-06-30,68,61,65,,53,58,0, 0,,
2,2009-07-01,65,57,61,,54,57,4, 0,,
2,2009-07-02,73,60,67,,55,60,0, 2,,
2,2009-07-03,79,62,71,,56,62,0, 6,,
2,2009-07-04,69,63,66,,58,62,0, 1,,
2,2009-07-05,82,61,72,,59,64,0, 7,,
2,2009-07-06,85,63,74,,54,63,0, 9,,
2,2009-07-07,76,65,71,,55,61,0, 6,,
2,2009-07-08,68,62,65,,55,59,0, 0,,
2,2009-07-09,80,63,72,,58,64,0, 7,,
2,2009-07-10,84,67,76,,65,68,0,11,,
2,2009-07-11,85,68,77,,60,67,0,12,,
2,2009-07-12,82,60,71,,50,60,0, 6,,
2,2009-07-13,78,66,72,,48,59,0, 7,,
2,2009-07-14,81,60,71,,49,60,0, 6,,
2,2009-07-15,86,67,77,,62,67,0,12,,
2,2009-07-16,82,65,74,,57,63,0, 9,,
2,2009-07-17,70,58,64,,52,57,1, 0,,
2,2009-07-18,73,58,66,,52,58,0, 1,,
2,2009-07-19,73,60,67,,53,59,0, 2,,
2,2009-07-20,76,59,68,,56,61,0, 3,,
2,2009-07-21,82,64,73,,56,63,0, 8,,
2,2009-07-22,79,66,73,,59,64,0, 8,,
2,2009-07-23,79,63,71,,60,64,0, 6,,
2,2009-07-24,83,62,73,,60,65,0, 8,,
2,2009-07-25,81,66,74,,59,65,0, 9,,
2,2009-07-26,82,64,73,,59,65,0, 8,,
2,2009-07-27,84,66,75,,61,67,0,10,,
2,2009-07-28,86,68,77,,62,67,0,12,,
2,2009-07-29,79,66,73,,52,61,0, 8,,
2,2009-07-30,80,65,73,,57,63,0, 8,,
2,2009-07-31,82,62,72,,55,62,0, 7,,
2,2009-08-01,75,63,69,,59,63,0, 4,,
2,2009-08-02,79,58,69,,52,59,0, 4,,
2,2009-08-03,86,68,77,,61,66,0,12,,
2,2009-08-04,86,69,78,,63,68,0,13,,
2,2009-08-05,79,66,73,,56,63,0, 8,,
2,2009-08-06,81,62,72,,51,60,0, 7,,
2,2009-08-07,74,67,71,,59,63,0, 6,,
2,2009-08-08,89,69,79,,70,73,0,14,,
2,2009-08-09,92,77,85,,72,75,0,20,,
2,2009-08-10,86,71,79,,66,70,0,14,,
2,2009-08-11,81,65,73,,62,66,0, 8,,
2,2009-08-12,82,63,73,,56,63,0, 8,,
2,2009-08-13,86,63,75,,55,63,0,10,,
2,2009-08-14,88,67,78,,59,66,0,13,,
2,2009-08-15,89,70,80,,61,68,0,15,,
2,2009-08-16,90,71,81,,68,71,0,16,,
2,2009-08-17,83,71,77,,68,71,0,12,,
2,2009-08-18,84,66,75,,61,66,0,10,,
2,2009-08-19,81,64,73,,62,66,0, 8,,
2,2009-08-20,79,64,72,,61,65,0, 7,,
2,2009-08-21,74,59,67,,58,61,0, 2,,
2,2009-08-22,69,58,64,,52,57,1, 0,,
2,2009-08-23,73,58,66,,55,59,0, 1,,
2,2009-08-24,79,57,68,,57,62,0, 3,,
2,2009-08-25,82,61,72,,61,65,0, 7,,
2,2009-08-26,72,64,68,,64,65,0, 3,,
2,2009-08-27,67,62,65,,61,63,0, 0,,
2,2009-08-28,71,61,66,,61,63,0, 1,,
2,2009-08-29,69,56,63,,52,57,2, 0,,
2,2009-08-30,66,51,59,,47,53,6, 0,,
2,2009-08-31,67,49,58,,44,52,7, 0,,
2,2009-09-01,71,50,61,,49,55,4, 0,,
2,2009-09-02,72,53,63,,51,56,2, 0,,
2,2009-09-03,75,57,66,,55,60,0, 1,,
2,2009-09-04,75,58,67,,55,60,0, 2,,
2,2009-09-05,78,57,68,,57,62,0, 3,,
2,2009-09-06,77,66,72,,59,64,0, 7,,
2,2009-09-07,77,63,70,,59,63,0, 5,,
2,2009-09-08,78,62,70,,62,65,0, 5,,
2,2009-09-09,77,68,73,,63,66,0, 8,,
2,2009-09-10,80,65,73,,62,66,0, 8,,
2,2009-09-11,78,64,71,,59,64,0, 6,,
2,2009-09-12,78,61,70,,61,64,0, 5,,
2,2009-09-13,79,57,68,,55,61,0, 3,,
2,2009-09-14,84,59,72,,56,62,0, 7,,
2,2009-09-15,83,63,73,,58,64,0, 8,,
2,2009-09-16,72,62,67,,54,60,0, 2,,
2,2009-09-17,71,54,63,,51,57,2, 0,,
2,2009-09-18,79,52,66,,55,59,0, 1,,
2,2009-09-19,75,58,67,,55,60,0, 2,,
2,2009-09-20,71,54,63,,56,60,2, 0,,
2,2009-09-21,69,63,66,,60,62,0, 1,,
2,2009-09-22,76,63,70,,65,67,0, 5,,
2,2009-09-23,76,62,69,,63,64,0, 4,,
2,2009-09-24,71,64,68,,62,64,0, 3,,
2,2009-09-25,70,60,65,,57,60,0, 0,,
2,2009-09-26,66,56,61,,56,59,4, 0,,
2,2009-09-27,74,53,64,,53,58,1, 0,,
2,2009-09-28,63,50,57,,42,49,8, 0,,
2,2009-09-29,58,48,53,,42,48,12, 0,,
2,2009-09-30,61,49,55,,42,48,10, 0,,
2,2009-10-01,59,44,52,,46,49,13, 0,,
2,2009-10-02,56,48,52,,46,48,13, 0,,
2,2009-10-03,58,47,53,,47,49,12, 0,,
2,2009-10-04,61,45,53,,42,47,12, 0,,
2,2009-10-05,61,42,52,,42,47,13, 0,,
2,2009-10-06,62,49,56,,46,50,9, 0,,
2,2009-10-07,60,45,53,,39,46,12, 0,,
2,2009-10-08,54,47,51,,46,49,14, 0,,
2,2009-10-09,52,40,46,,44,46,19, 0,,
2,2009-10-10,48,33,41,,30,36,24, 0,,
2,2009-10-11,45,29,37,,23,33,28, 0,,
2,2009-10-12,49,42,46,,34,40,19, 0,,
2,2009-10-13,48,36,42,,32,39,23, 0,,
2,2009-10-14,48,42,45,,36,41,20, 0,,
2,2009-10-15,44,41,43,,38,40,22, 0,,
2,2009-10-16,46,40,43,,36,40,22, 0,,
2,2009-10-17,52,39,46,,34,40,19, 0,,
2,2009-10-18,53,33,43,,33,40,22, 0,,
2,2009-10-19,66,43,55,,40,47,10, 0,,
2,2009-10-20,64,51,58,,47,52,7, 0,,
2,2009-10-21,70,55,63,,50,55,2, 0,,
2,2009-10-22,58,49,54,,49,51,11, 0,,
2,2009-10-23,62,44,53,,50,51,12, 0,,
2,2009-10-24,49,39,44,,37,41,21, 0,,
2,2009-10-25,63,44,54,,43,48,11, 0,,
2,2009-10-26,55,50,53,,47,49,12, 0,,
2,2009-10-27,52,48,50,,46,48,15, 0,,
2,2009-10-28,58,50,54,,49,51,11, 0,,
2,2009-10-29,60,48,54,,50,52,11, 0,,
2,2009-10-30,68,47,58,,54,56,7, 0,,
2,2009-10-31,47,37,42,,31,38,23, 0,,
2,2010-05-01,71,61,66,,54,59,0, 1,,
2,2010-05-02,68,54,61,,52,56,4, 0,,
2,2010-05-03,72,52,62,,45,53,3, 0,,
2,2010-05-04,80,53,67,,43,54,0, 2,,
2,2010-05-05,73,57,65,,37,51,0, 0,,
2,2010-05-06,60,48,54,,39,46,11, 0,,
2,2010-05-07,59,46,53,,46,49,12, 0,,
2,2010-05-08,50,42,46,,35,41,19, 0,,
2,2010-05-09,56,37,47,,29,40,18, 0,,
2,2010-05-10,58,43,51,,29,42,14, 0,,
2,2010-05-11,59,44,52,,46,48,13, 0,,
2,2010-05-12,53,46,50,,45,47,15, 0,,
2,2010-05-13,78,49,64,,54,57,1, 0,,
2,2010-05-14,67,49,58,,43,51,7, 0,,
2,2010-05-15,63,47,55,,41,48,10, 0,,
2,2010-05-16,66,46,56,,43,50,9, 0,,
2,2010-05-17,60,52,56,,43,49,9, 0,,
2,2010-05-18,62,49,56,,41,48,9, 0,,
2,2010-05-19,73,46,60,,39,50,5, 0,,
2,2010-05-20,72,51,62,,49,55,3, 0,,
2,2010-05-21,72,56,64,,58,60,1, 0,,
2,2010-05-22,72,58,65,,59,61,0, 0,,
2,2010-05-23,89,65,77,,65,69,0,12,,
2,2010-05-24,91,73,82,,66,71,0,17,,
2,2010-05-25,87,71,79,,61,68,0,14,,
2,2010-05-26,85,70,78,,62,68,0,13,,
2,2010-05-27,77,63,70,,50,59,0, 5,,
2,2010-05-28,76,59,68,,49,58,0, 3,,
2,2010-05-29,84,62,73,,57,63,0, 8,,
2,2010-05-30,91,64,78,,59,66,0,13,,
2,2010-05-31,84,65,75,,65,67,0,10,,
2,2010-06-01,84,65,75,,63,67,0,10,,
2,2010-06-02,77,59,68,,61,64,0, 3,,
2,2010-06-03,71,58,65,,46,55,0, 0,,
2,2010-06-04,83,60,72,,59,64,0, 7,,
2,2010-06-05,79,60,70,,63,66,0, 5,,
2,2010-06-06,75,58,67,,54,59,0, 2,,
2,2010-06-07,69,56,63,,48,55,2, 0,,
2,2010-06-08,67,59,63,,57,59,2, 0,,
2,2010-06-09,83,67,75,,55,63,0,10,,
2,2010-06-10,75,60,68,,54,60,0, 3,,
2,2010-06-11,88,64,76,,67,71,0,11,,
2,2010-06-12,77,62,70,,63,65,0, 5,,
2,2010-06-13,73,61,67,,61,63,0, 2,,
2,2010-06-14,72,61,67,,61,63,0, 2,,
2,2010-06-15,79,61,70,,65,67,0, 5,,
2,2010-06-16,86,65,76,,60,65,0,11,,
2,2010-06-17,84,67,76,,61,67,0,11,,
2,2010-06-18,91,66,79,,66,69,0,14,,
2,2010-06-19,86,66,76,,60,66,0,11,,
2,2010-06-20,80,67,74,,60,65,0, 9,,
2,2010-06-21,85,68,77,,66,69,0,12,,
2,2010-06-22,86,70,78,,68,71,0,13,,
2,2010-06-23,87,67,77,,69,71,0,12,,
2,2010-06-24,81,65,73,,59,65,0, 8,,
2,2010-06-25,84,66,75,,61,66,0,10,,
2,2010-06-26,88,68,78,,65,69,0,13,,
2,2010-06-27,87,72,80,,69,72,0,15,,
2,2010-06-28,82,65,74,,59,65,0, 9,,
2,2010-06-29,73,62,68,,52,59,0, 3,,
2,2010-06-30,76,57,67,,50,57,0, 2,,
2,2010-07-01,77,58,68,,47,57,0, 3,,
2,2010-07-02,83,62,73,,50,60,0, 8,,
2,2010-07-03,87,64,76,,54,63,0,11,,
2,2010-07-04,92,72,82,,65,71,0,17,,
2,2010-07-05,90,79,85,,63,70,0,20,,
2,2010-07-06,91,75,83,,68,72,0,18,,
2,2010-07-07,94,72,83,,69,73,0,18,,
2,2010-07-08,87,74,81,,69,72,0,16,,
2,2010-07-09,87,72,80,,59,67,0,15,,
2,2010-07-10,89,69,79,,59,67,0,14,,
2,2010-07-11,85,67,76,,62,67,0,11,,
2,2010-07-12,84,65,75,,64,68,0,10,,
2,2010-07-13,84,71,78,,64,68,0,13,,
2,2010-07-14,91,72,82,,69,73,0,17,,
2,2010-07-15,92,73,83,,69,73,0,18,,
2,2010-07-16,90,68,79,,60,68,0,14,,
2,2010-07-17,92,71,82,,64,70,0,17,,
2,2010-07-18,91,74,83,,69,73,0,18,,
2,2010-07-19,84,72,78,,66,70,0,13,,
2,2010-07-20,85,69,77,,66,70,0,12,,
2,2010-07-21,90,73,82,,66,71,0,17,,
2,2010-07-22,90,72,81,,70,74,0,16,,
2,2010-07-23,95,71,83,,71,74,0,18,,
2,2010-07-24,87,69,78,,70,72,0,13,,
2,2010-07-25,81,68,75,,60,66,0,10,,
2,2010-07-26,84,64,74,,62,67,0, 9,,
2,2010-07-27,88,71,80,,66,71,0,15,,
2,2010-07-28,91,77,84,,71,75,0,19,,
2,2010-07-29,81,69,75,,59,65,0,10,,
2,2010-07-30,79,71,75,,59,65,0,10,,
2,2010-07-31,78,65,72,,63,66,0, 7,,
2,2010-08-01,84,66,75,,64,68,0,10,,
2,2010-08-02,84,70,77,,66,70,0,12,,
2,2010-08-03,87,65,76,,70,73,0,11,,
2,2010-08-04,81,71,76,,71,73,0,11,,
2,2010-08-05,84,68,76,,62,67,0,11,,
2,2010-08-06,82,64,73,,58,64,0, 8,,
2,2010-08-07,84,66,75,,63,67,0,10,,
2,2010-08-08,87,71,79,,66,70,0,14,,
2,2010-08-09,89,75,82,,69,73,0,17,,
2,2010-08-10,88,77,83,,71,74,0,18,,
2,2010-08-11,90,77,84,,69,74,0,19,,
2,2010-08-12,89,75,82,,69,74,0,17,,
2,2010-08-13,93,72,83,,70,74,0,18,,
2,2010-08-14,88,72,80,,68,72,0,15,,
2,2010-08-15,84,67,76,,62,68,0,11,,
2,2010-08-16,80,64,72,,54,62,0, 7,,
2,2010-08-17,79,65,72,,57,63,0, 7,,
2,2010-08-18,83,64,74,,60,65,0, 9,,
2,2010-08-19,87,69,78,,63,69,0,13,,
2,2010-08-20,93,75,84,,66,71,0,19,,
2,2010-08-21,86,71,79,,68,71,0,14,,
2,2010-08-22,80,68,74,,64,68,0, 9,,
2,2010-08-23,78,67,73,,63,67,0, 8,,
2,2010-08-24,81,68,75,,61,66,0,10,,
2,2010-08-25,79,63,71,,50,59,0, 6,,
2,2010-08-26,78,62,70,,52,59,0, 5,,
2,2010-08-27,83,61,72,,53,61,0, 7,,
2,2010-08-28,87,65,76,,50,61,0,11,,
2,2010-08-29,93,72,83,,63,69,0,18,,
2,2010-08-30,88,73,81,,65,70,0,16,,
2,2010-08-31,92,75,84,,67,72,0,19,,
2,2010-09-01,80,71,76,,66,70,0,11,,
2,2010-09-02,83,66,75,,67,70,0,10,,
2,2010-09-03,72,57,65,,51,57,0, 0,,
2,2010-09-04,68,52,60,,43,51,5, 0,,
2,2010-09-05,77,52,65,,48,56,0, 0,,
2,2010-09-06,84,68,76,,50,60,0,11,,
2,2010-09-07,79,60,70,,47,58,0, 5,,
2,2010-09-08,71,53,62,,47,54,3, 0,,
2,2010-09-09,68,53,61,,49,55,4, 0,,
2,2010-09-10,72,59,66,,50,57,0, 1,,
2,2010-09-11,75,59,67,,54,59,0, 2,,
2,2010-09-12,83,53,68,,50,59,0, 3,,
2,2010-09-13,82,61,72,,53,60,0, 7,,
2,2010-09-14,77,58,68,,48,57,0, 3,,
2,2010-09-15,75,61,68,,52,59,0, 3,,
2,2010-09-16,70,57,64,,55,59,1, 0,,
2,2010-09-17,74,51,63,,49,56,2, 0,,
2,2010-09-18,66,60,63,,55,58,2, 0,,
2,2010-09-19,68,56,62,,48,55,3, 0,,
2,2010-09-20,77,63,70,,60,64,0, 5,,
2,2010-09-21,89,67,78,,62,67,0,13,,
2,2010-09-22,75,64,70,,61,63,0, 5,,
2,2010-09-23,90,66,78,,61,68,0,13,,
2,2010-09-24,79,57,68,,53,59,0, 3,,
2,2010-09-25,60,52,56,,43,49,9, 0,,
2,2010-09-26,60,52,56,,44,50,9, 0,,
2,2010-09-27,63,49,56,,46,50,9, 0,,
2,2010-09-28,70,46,58,,44,51,7, 0,,
2,2010-09-29,76,50,63,,45,54,2, 0,,
2,2010-09-30,75,53,64,,49,55,1, 0,,
2,2010-10-01,74,49,62,,43,52,3, 0,,
2,2010-10-02,55,46,51,,42,47,14, 0,,
2,2010-10-03,57,43,50,,38,44,15, 0,,
2,2010-10-04,59,41,50,,39,45,15, 0,,
2,2010-10-05,66,40,53,,37,46,12, 0,,
2,2010-10-06,78,45,62,,43,52,3, 0,,
2,2010-10-07,76,49,63,,40,51,2, 0,,
2,2010-10-08,79,49,64,,37,51,1, 0,,
2,2010-10-09,87,56,72,,49,59,0, 7,,
2,2010-10-10,84,59,72,,50,59,0, 7,,
2,2010-10-11,81,57,69,,53,59,0, 4,,
2,2010-10-12,76,54,65,,54,59,0, 0,,
2,2010-10-13,63,48,56,,48,53,9, 0,,
2,2010-10-14,66,43,55,,32,45,10, 0,,
2,2010-10-15,62,47,55,,41,47,10, 0,,
2,2010-10-16,71,44,58,,39,48,7, 0,,
2,2010-10-17,64,48,56,,38,47,9, 0,,
2,2010-10-18,60,45,53,,41,47,12, 0,,
2,2010-10-19,61,40,51,,35,44,14, 0,,
2,2010-10-20,70,46,58,,35,46,7, 0,,
2,2010-10-21,56,41,49,,29,40,16, 0,,
2,2010-10-22,65,37,51,,29,42,14, 0,,
2,2010-10-23,67,54,61,,43,52,4, 0,,
2,2010-10-24,73,57,65,,51,57,0, 0,,
2,2010-10-25,72,57,65,,56,60,0, 0,,
2,2010-10-26,71,54,63,,47,54,2, 0,,
2,2010-10-27,65,43,54,,31,45,11, 0,,
2,2010-10-28,46,39,43,,30,38,22, 0,,
2,2010-10-29,50,33,42,,26,36,23, 0,,
2,2010-10-30,63,41,52,,32,42,13, 0,,
2,2010-10-31,52,39,46,,31,40,19, 0,,
2,2011-05-01,64,52,58,,37,48,7, 0,,
2,2011-05-02,60,43,52,,31,42,13, 0,,
2,2011-05-03,51,38,45,,30,38,20, 0,,
2,2011-05-04,57,37,47,,29,40,18, 0,,
2,2011-05-05,62,41,52,,39,46,13, 0,,
2,2011-05-06,69,45,57,,39,49,8, 0,,
2,2011-05-07,60,46,53,,46,50,12, 0,,
2,2011-05-08,68,44,56,,44,50,9, 0,,
2,2011-05-09,74,51,63,,46,55,2, 0,,
2,2011-05-10,91,64,78,,60,66,0,13,,
2,2011-05-11,88,67,78,,65,69,0,13,,
2,2011-05-12,87,63,75,,61,66,0,10,,
2,2011-05-13,77,47,62,,54,57,3, 0,,
2,2011-05-14,51,46,49,,46,47,16, 0,,
2,2011-05-15,48,42,45,,38,42,20, 0,,
2,2011-05-16,53,40,47,,31,40,18, 0,,
2,2011-05-17,60,40,50,,35,44,15, 0,,
2,2011-05-18,61,50,56,,49,51,9, 0,,
2,2011-05-19,73,50,62,,53,55,3, 0,,
2,2011-05-20,72,50,61,,53,56,4, 0,,
2,2011-05-21,76,51,64,,59,62,1, 0,,
2,2011-05-22,88,65,77,,59,65,0,12,,
2,2011-05-23,80,65,73,,59,64,0, 8,,
2,2011-05-24,69,48,59,,47,53,6, 0,,
2,2011-05-25,75,49,62,,53,55,3, 0,,
2,2011-05-26,50,43,47,,40,43,18, 0,,
2,2011-05-27,58,42,50,,41,46,15, 0,,
2,2011-05-28,64,52,58,,55,57,7, 0,,
2,2011-05-29,72,57,65,,60,61,0, 0,,
2,2011-05-30,90,65,78,,65,70,0,13,,
2,2011-05-31,88,69,79,,65,70,0,14,,
2,2011-06-01,82,63,73,,49,59,0, 8,,
2,2011-06-02,69,57,63,,45,53,2, 0,,
2,2011-06-03,88,57,73,,61,67,0, 8,,
2,2011-06-04,91,67,79,,64,69,0,14,,
2,2011-06-05,84,63,74,,55,62,0, 9,,
2,2011-06-06,94,62,78,,63,69,0,13,,
2,2011-06-07,96,77,87,,64,72,0,22,,
2,2011-06-08,96,67,82,,63,71,0,17,,
2,2011-06-09,69,52,61,,54,56,4, 0,,
2,2011-06-10,71,51,61,,56,58,4, 0,,
2,2011-06-11,65,53,59,,54,56,6, 0,,
2,2011-06-12,64,51,58,,45,52,7, 0,,
2,2011-06-13,71,56,64,,43,53,1, 0,,
2,2011-06-14,77,58,68,,49,57,0, 3,,
2,2011-06-15,72,57,65,,59,62,0, 0,,
2,2011-06-16,81,62,72,,59,63,0, 7,,
2,2011-06-17,82,64,73,,60,65,0, 8,,
2,2011-06-18,83,63,73,,62,66,0, 8,,
2,2011-06-19,83,65,74,,65,69,0, 9,,
2,2011-06-20,80,69,75,,67,69,0,10,,
2,2011-06-21,89,69,79,,70,73,0,14,,
2,2011-06-22,75,66,71,,62,65,0, 6,,
2,2011-06-23,72,63,68,,60,63,0, 3,,
2,2011-06-24,68,60,64,,55,59,1, 0,,
2,2011-06-25,78,61,70,,52,60,0, 5,,
2,2011-06-26,80,64,72,,53,61,0, 7,,
2,2011-06-27,80,67,74,,64,67,0, 9,,
2,2011-06-28,81,65,73,,53,61,0, 8,,
2,2011-06-29,80,63,72,,55,62,0, 7,,
2,2011-06-30,89,66,78,,61,67,0,13,,
2,2011-07-01,89,70,80,,63,68,0,15,,
2,2011-07-02,93,73,83,,71,74,0,18,,
2,2011-07-03,86,70,78,,58,65,0,13,,
2,2011-07-04,88,68,78,,53,63,0,13,,
2,2011-07-05,92,67,80,,59,68,0,15,,
2,2011-07-06,87,71,79,,60,67,0,14,,
2,2011-07-07,81,66,74,,55,63,0, 9,,
2,2011-07-08,86,65,76,,52,63,0,11,,
2,2011-07-09,90,67,79,,60,68,0,14,,
2,2011-07-10,91,75,83,,67,72,0,18,,
2,2011-07-11,90,70,80,,70,74,0,15,,
2,2011-07-12,88,71,80,,64,69,0,15,,
2,2011-07-13,74,66,70,,57,63,0, 5,,
2,2011-07-14,82,65,74,,56,63,0, 9,,
2,2011-07-15,86,71,79,,60,67,0,14,,
2,2011-07-16,90,74,82,,60,68,0,17,,
2,2011-07-17,95,74,85,,69,74,0,20,,
2,2011-07-18,93,81,87,,74,77,0,22,,
2,2011-07-19,92,79,86,,73,77,0,21,,
2,2011-07-20,100,77,89,,73,77,0,24,,
2,2011-07-21,101,82,92,,72,77,0,27,,
2,2011-07-22,100,71,,,70,74,,,,
2,2011-07-23,87,70,79,,70,73,0,14,,
2,2011-07-24,87,72,80,,69,72,0,15,,
2,2011-07-25,90,73,82,,67,71,0,17,,
2,2011-07-26,85,72,79,,62,68,0,14,,
2,2011-07-27,92,72,82,,66,71,0,17,,
2,2011-07-28,88,74,81,,71,74,0,16,,
2,2011-07-29,86,74,80,,69,72,0,15,,
2,2011-07-30,91,68,80,,65,71,0,15,,
2,2011-07-31,91,73,82,,69,73,0,17,,
2,2011-08-01,91,76,84,,71,75,0,19,,
2,2011-08-02,93,74,84,,73,77,0,19,,
2,2011-08-03,87,73,80,,66,71,0,15,,
2,2011-08-04,82,69,76,,67,70,0,11,,
2,2011-08-05,84,70,77,,68,71,0,12,,
2,2011-08-06,85,73,79,,70,72,0,14,,
2,2011-08-07,87,70,79,,69,72,0,14,,
2,2011-08-08,80,69,75,,67,70,0,10,,
2,2011-08-09,82,66,74,,61,66,0, 9,,
2,2011-08-10,78,62,70,,54,61,0, 5,,
2,2011-08-11,81,60,71,,54,61,0, 6,,
2,2011-08-12,82,65,74,,57,64,0, 9,,
2,2011-08-13,84,66,75,,63,66,0,10,,
2,2011-08-14,75,62,69,,60,63,0, 4,,
2,2011-08-15,80,59,70,,55,62,0, 5,,
2,2011-08-16,83,63,73,,56,63,0, 8,,
2,2011-08-17,83,65,74,,61,67,0, 9,,
2,2011-08-18,85,71,78,,62,67,0,13,,
2,2011-08-19,86,67,77,,62,68,0,12,,
2,2011-08-20,79,68,74,,67,69,0, 9,,
2,2011-08-21,81,66,74,,58,64,0, 9,,
2,2011-08-22,82,61,72,,59,64,0, 7,,
2,2011-08-23,74,66,70,,62,65,0, 5,,
2,2011-08-24,91,70,81,,65,70,0,16,,
2,2011-08-25,80,65,73,,59,64,0, 8,,
2,2011-08-26,83,61,72,,58,64,0, 7,,
2,2011-08-27,83,67,75,,61,66,0,10,,
2,2011-08-28,77,61,69,,55,61,0, 4,,
2,2011-08-29,78,61,70,,57,62,0, 5,,
2,2011-08-30,79,64,72,,54,61,0, 7,,
2,2011-08-31,88,65,77,,64,69,0,12,,
2,2011-09-01,94,74,84,,70,75,0,19,,
2,2011-09-02,94,79,87,,69,74,0,22,,
2,2011-09-03,87,71,79,,68,71,0,14,,
2,2011-09-04,74,60,67,,55,61,0, 2,,
2,2011-09-05,67,53,60,,46,53,5, 0,,
2,2011-09-06,66,57,62,,47,54,3, 0,,
2,2011-09-07,70,58,64,,47,55,1, 0,,
2,2011-09-08,74,62,68,,54,59,0, 3,,
2,2011-09-09,72,64,68,,61,63,0, 3,,
2,2011-09-10,76,58,67,,60,63,0, 2,,
2,2011-09-11,83,60,72,,59,64,0, 7,,
2,2011-09-12,86,64,75,,59,65,0,10,,
2,2011-09-13,76,58,67,,55,61,0, 2,,
2,2011-09-14,60,48,54,,45,51,11, 0,,
2,2011-09-15,60,44,52,,36,45,13, 0,,
2,2011-09-16,59,48,54,,38,47,11, 0,,
2,2011-09-17,69,52,61,,44,52,4, 0,,
2,2011-09-18,66,56,61,,54,57,4, 0,,
2,2011-09-19,68,56,62,,58,60,3, 0,,
2,2011-09-20,75,53,64,,54,58,1, 0,,
2,2011-09-21,72,57,65,,49,56,0, 0,,
2,2011-09-22,63,53,58,,47,52,7, 0,,
2,2011-09-23,62,48,55,,46,51,10, 0,,
2,2011-09-24,63,51,57,,48,52,8, 0,,
2,2011-09-25,65,53,59,,53,55,6, 0,,
2,2011-09-26,63,53,58,,50,53,7, 0,,
2,2011-09-27,63,54,59,,53,55,6, 0,,
2,2011-09-28,64,53,59,,54,55,6, 0,,
2,2011-09-29,66,51,59,,50,54,6, 0,,
2,2011-09-30,58,47,53,,42,47,12, 0,,
2,2011-10-01,56,44,50,,40,45,15, 0,,
2,2011-10-02,65,41,53,,39,46,12, 0,,
2,2011-10-03,70,45,58,,44,50,7, 0,,
2,2011-10-04,74,46,60,,47,53,5, 0,,
2,2011-10-05,80,52,66,,47,55,0, 1,,
2,2011-10-06,81,56,69,,50,58,0, 4,,
2,2011-10-07,84,59,72,,51,59,0, 7,,
2,2011-10-08,82,61,72,,53,60,0, 7,,
2,2011-10-09,80,56,68,,51,58,0, 3,,
2,2011-10-10,77,58,68,,49,58,0, 3,,
2,2011-10-11,78,58,68,,52,59,0, 3,,
2,2011-10-12,77,57,67,,51,58,0, 2,,
2,2011-10-13,64,52,58,,55,57,7, 0,,
2,2011-10-14,61,49,55,,41,48,10, 0,,
2,2011-10-15,61,47,54,,36,46,11, 0,,
2,2011-10-16,60,46,53,,39,46,12, 0,,
2,2011-10-17,57,40,49,,33,42,16, 0,,
2,2011-10-18,54,40,47,,38,43,18, 0,,
2,2011-10-19,49,44,47,,41,44,18, 0,,
2,2011-10-20,46,42,44,,38,42,21, 0,,
2,2011-10-21,54,37,46,,34,41,19, 0,,
2,2011-10-22,66,38,52,,37,45,13, 0,,
2,2011-10-23,67,41,54,,42,49,11, 0,,
2,2011-10-24,63,45,54,,39,47,11, 0,,
2,2011-10-25,74,49,62,,45,53,3, 0,,
2,2011-10-26,54,47,51,,42,46,14, 0,,
2,2011-10-27,51,38,45,,38,42,20, 0,,
2,2011-10-28,54,36,45,,32,40,20, 0,,
2,2011-10-29,54,36,45,,29,38,20, 0,,
2,2011-10-30,57,37,47,,34,42,18, 0,,
2,2011-10-31,53,39,46,,35,41,19, 0,,
2,2012-05-01,64,52,58,,53,56,7, 0,,
2,2012-05-02,78,60,69,,60,64,0, 4,,
2,2012-05-03,86,69,78,,64,69,0,13,,
2,2012-05-04,72,51,62,,55,58,3, 0,,
2,2012-05-05,63,53,58,,54,56,7, 0,,
2,2012-05-06,73,54,64,,54,57,1, 0,,
2,2012-05-07,61,54,58,,56,57,7, 0,,
2,2012-05-08,70,51,61,,45,53,4, 0,,
2,2012-05-09,60,46,53,,43,48,12, 0,,
2,2012-05-10,65,45,55,,33,46,10, 0,,
2,2012-05-11,78,48,63,,38,52,2, 0,,
2,2012-05-12,67,51,59,,45,51,6, 0,,
2,2012-05-13,69,53,61,,33,48,4, 0,,
2,2012-05-14,78,46,62,,36,51,3, 0,,
2,2012-05-15,84,56,70,,44,56,0, 5,,
2,2012-05-16,63,52,58,,33,46,7, 0,,
2,2012-05-17,71,49,60,,40,51,5, 0,,
2,2012-05-18,85,57,71,,38,54,0, 6,,
2,2012-05-19,91,64,78,,52,62,0,13,,
2,2012-05-20,92,65,79,,57,65,0,14,,
2,2012-05-21,65,54,60,,44,52,5, 0,,
2,2012-05-22,68,49,59,,42,51,6, 0,,
2,2012-05-23,82,49,66,,41,54,0, 1,,
2,2012-05-24,90,67,79,,52,63,0,14,,
2,2012-05-25,80,67,74,,49,59,0, 9,,
2,2012-05-26,82,63,73,,54,62,0, 8,,
2,2012-05-27,97,73,85,,58,68,0,20,,
2,2012-05-28,94,74,84,,60,68,0,19,,
2,2012-05-29,85,64,75,,45,59,0,10,,
2,2012-05-30,69,53,61,,46,53,4, 0,,
2,2012-05-31,55,49,52,,45,48,13, 0,,
2,2012-06-01,64,49,57,,44,49,8, 0,,
2,2012-06-02,74,49,62,,47,55,3, 0,,
2,2012-06-03,80,56,68,,48,58,0, 3,,
2,2012-06-04,74,59,67,,47,56,0, 2,,
2,2012-06-05,69,57,63,,49,56,2, 0,,
2,2012-06-06,74,56,65,,47,56,0, 0,,
2,2012-06-07,78,54,66,,45,56,0, 1,,
2,2012-06-08,87,59,73,,48,60,0, 8,,
2,2012-06-09,89,66,78,,50,62,0,13,,
2,2012-06-10,92,71,82,,55,65,0,17,,
2,2012-06-11,90,72,81,,63,69,0,16,,
2,2012-06-12,77,62,70,,47,57,0, 5,,
2,2012-06-13,71,57,64,,45,55,1, 0,,
2,2012-06-14,86,60,73,,48,59,0, 8,,
2,2012-06-15,93,67,80,,48,61,0,15,,
2,2012-06-16,94,69,82,,60,68,0,17,,
2,2012-06-17,85,68,77,,59,66,0,12,,
2,2012-06-18,92,72,82,,65,71,0,17,,
2,2012-06-19,94,75,85,,65,71,0,20,,
2,2012-06-20,93,76,85,,62,70,0,20,,
2,2012-06-21,83,70,77,,60,67,0,12,,
2,2012-06-22,83,63,73,,52,62,0, 8,,
2,2012-06-23,86,63,75,,55,63,0,10,,
2,2012-06-24,92,70,81,,58,66,0,16,,
2,2012-06-25,74,63,69,,48,58,0, 4,,
2,2012-06-26,81,63,72,,51,60,0, 7,,
2,2012-06-27,90,64,77,,51,63,0,12,,
2,2012-06-28,101,77,89,,68,74,0,24,,
2,2012-06-29,88,70,79,,62,69,0,14,,
2,2012-06-30,89,70,80,,68,72,0,15,,
2,2012-07-01,90,66,78,,68,72,0,13,,
2,2012-07-02,97,74,86,,69,74,0,21,,
2,2012-07-03,95,77,86,,67,73,0,21,,
2,2012-07-04,101,80,91,,68,75,0,26,,
2,2012-07-05,102,79,91,,68,75,0,26,,
2,2012-07-06,104,83,94,,71,77,0,29,,
2,2012-07-07,98,74,86,,68,73,0,21,,
2,2012-07-08,85,74,80,,56,65,0,15,,
2,2012-07-09,88,68,78,,59,66,0,13,,
2,2012-07-10,82,71,77,,56,64,0,12,,
2,2012-07-11,86,69,78,,57,65,0,13,,
2,2012-07-12,90,71,81,,53,64,0,16,,
2,2012-07-13,93,73,83,,63,69,0,18,,
2,2012-07-14,89,71,80,,66,70,0,15,,
2,2012-07-15,95,70,83,,66,72,0,18,,
2,2012-07-16,98,77,88,,65,73,0,23,,
2,2012-07-17,99,80,90,,66,74,0,25,,
2,2012-07-18,91,71,81,,71,74,0,16,,
2,2012-07-19,85,70,78,,70,72,0,13,,
2,2012-07-20,82,69,76,,61,66,0,11,,
2,2012-07-21,89,69,79,,63,69,0,14,,
2,2012-07-22,90,75,83,,65,71,0,18,,
2,2012-07-23,98,81,90,,67,74,0,25,,
2,2012-07-24,88,71,80,,66,71,0,15,,
2,2012-07-25,101,74,88,,67,73,0,23,,
2,2012-07-26,89,72,81,,69,73,0,16,,
2,2012-07-27,87,70,79,,64,69,0,14,,
2,2012-07-28,83,71,77,,60,66,0,12,,
2,2012-07-29,88,68,78,,58,66,0,13,,
2,2012-07-30,93,74,84,,61,69,0,19,,
2,2012-07-31,86,71,79,,65,70,0,14,,
2,2012-08-01,89,71,80,,63,69,0,15,,
2,2012-08-02,93,71,82,,61,69,0,17,,
2,2012-08-03,94,74,84,,65,72,0,19,,
2,2012-08-04,95,72,84,,68,72,0,19,,
2,2012-08-05,85,70,78,,59,66,0,13,,
2,2012-08-06,86,67,77,,56,64,0,12,,
2,2012-08-07,94,67,81,,59,67,0,16,,
2,2012-08-08,84,75,80,,62,68,0,15,,
2,2012-08-09,77,66,72,,62,66,0, 7,,
2,2012-08-10,76,62,69,,55,61,0, 4,,
2,2012-08-11,79,58,69,,52,59,0, 4,,
2,2012-08-12,77,61,69,,53,61,0, 4,,
2,2012-08-13,72,63,68,,61,63,0, 3,,
2,2012-08-14,82,59,71,,60,64,0, 6,,
2,2012-08-15,86,67,77,,59,66,0,12,,
2,2012-08-16,76,64,70,,61,65,0, 5,,
2,2012-08-17,77,59,68,,52,59,0, 3,,
2,2012-08-18,78,57,68,,47,57,0, 3,,
2,2012-08-19,79,61,70,,49,59,0, 5,,
2,2012-08-20,76,60,68,,54,60,0, 3,,
2,2012-08-21,79,58,69,,51,59,0, 4,,
2,2012-08-22,84,72,,,51,61,,,,
2,2012-08-23,91,69,80,,54,64,0,15,,
2,2012-08-24,93,71,82,,56,66,0,17,,
2,2012-08-25,94,71,83,,56,66,0,18,,
2,2012-08-26,81,68,75,,65,68,0,10,,
2,2012-08-27,88,69,79,,62,67,0,14,,
2,2012-08-28,85,65,75,,60,66,0,10,,
2,2012-08-29,84,70,77,,58,65,0,12,,
2,2012-08-30,91,69,80,,57,66,0,15,,
2,2012-08-31,93,72,83,,64,70,0,18,,
2,2012-09-01,78,73,76,,68,71,0,11,,
2,2012-09-02,81,75,78,,69,72,0,13,,
2,2012-09-03,87,73,80,,69,73,0,15,,
2,2012-09-04,89,68,79,,68,72,0,14,,
2,2012-09-05,86,66,76,,64,68,0,11,,
2,2012-09-06,86,70,78,,61,67,0,13,,
2,2012-09-07,78,61,70,,59,63,0, 5,,
2,2012-09-08,73,56,65,,49,56,0, 0,,
2,2012-09-09,72,56,64,,51,57,1, 0,,
2,2012-09-10,77,54,66,,47,56,0, 1,,
2,2012-09-11,84,59,72,,51,60,0, 7,,
2,2012-09-12,87,63,75,,54,62,0,10,,
2,2012-09-13,72,56,64,,55,59,1, 0,,
2,2012-09-14,75,54,65,,45,55,0, 0,,
2,2012-09-15,79,55,67,,44,55,0, 2,,
2,2012-09-16,78,56,67,,46,56,0, 2,,
2,2012-09-17,79,59,69,,55,60,0, 4,,
2,2012-09-18,64,50,57,,37,47,8, 0,,
2,2012-09-19,74,47,61,,39,50,4, 0,,
2,2012-09-20,72,56,64,,38,51,1, 0,,
2,2012-09-21,61,52,57,,45,51,8, 0,,
2,2012-09-22,60,47,54,,39,46,11, 0,,
2,2012-09-23,62,43,53,,35,44,12, 0,,
2,2012-09-24,71,42,57,,33,46,8, 0,,
2,2012-09-25,77,54,66,,51,57,0, 1,,
2,2012-09-26,69,57,63,,50,56,2, 0,,
2,2012-09-27,68,49,59,,46,52,6, 0,,
2,2012-09-28,67,52,60,,48,53,5, 0,,
2,2012-09-29,79,49,64,,46,53,1, 0,,
2,2012-09-30,67,52,60,,46,52,5, 0,,
2,2012-10-01,66,50,58,,45,52,7, 0,,
2,2012-10-02,69,59,64,,49,56,1, 0,,
2,2012-10-03,69,61,65,,57,60,0, 0,,
2,2012-10-04,81,51,66,,51,56,0, 1,,
2,2012-10-05,51,42,47,,31,40,18, 0,,
2,2012-10-06,50,35,43,,27,37,22, 0,,
2,2012-10-07,51,38,45,,24,36,20, 0,,
2,2012-10-08,60,36,48,,27,40,17, 0,,
2,2012-10-09,67,43,55,,36,45,10, 0,,
2,2012-10-10,52,38,45,,30,39,20, 0,,
2,2012-10-11,67,39,53,,33,44,12, 0,,
2,2012-10-12,53,41,47,,30,40,18, 0,,
2,2012-10-13,68,47,58,,50,54,7, 0,,
2,2012-10-14,72,49,61,,54,57,4, 0,,
2,2012-10-15,60,46,53,,40,46,12, 0,,
2,2012-10-16,70,44,57,,43,51,8, 0,,
2,2012-10-17,69,55,62,,51,55,3, 0,,
2,2012-10-18,55,45,50,,40,45,15, 0,,
2,2012-10-19,53,44,49,,42,45,16, 0,,
2,2012-10-20,58,41,50,,40,44,15, 0,,
2,2012-10-21,70,42,56,,44,50,9, 0,,
2,2012-10-22,67,56,62,,55,58,3, 0,,
2,2012-10-23,69,59,64,,59,61,1, 0,,
2,2012-10-24,79,61,70,,60,64,0, 5,,
2,2012-10-25,77,45,61,,55,59,4, 0,,
2,2012-10-26,51,38,45,,30,39,20, 0,,
2,2012-10-27,48,36,42,,28,37,23, 0,,
2,2012-10-28,50,40,45,,31,39,20, 0,,
2,2012-10-29,51,38,45,,30,38,20, 0,,
2,2012-10-30,47,40,44,,26,37,21, 0,,
2,2012-10-31,49,35,42,,26,35,23, 0,,
2,2013-05-01,85,63,74,,52,62,0, 9,,
2,2013-05-02,71,42,,,39,45,,,,
2,2013-05-03,50,40,45,,41,44,20, 0,,
2,2013-05-04,72,49,61,,44,51,4, 0,,
2,2013-05-05,70,49,60,,41,50,5, 0,,
2,2013-05-06,70,51,61,,37,49,4, 0,,
2,2013-05-07,76,49,63,,39,51,2, 0,,
2,2013-05-08,77,46,62,,42,53,3, 0,,
2,2013-05-09,76,50,63,,49,56,2, 0,,
2,2013-05-10,50,44,47,,41,44,18, 0,,
2,2013-05-11,62,44,53,,36,45,12, 0,,
2,2013-05-12,55,38,47,,28,39,18, 0,,
2,2013-05-13,61,38,50,,31,43,15, 0,,
2,2013-05-14,90,57,74,,47,58,0, 9,,
2,2013-05-15,83,62,73,,47,58,0, 8,,
2,2013-05-16,81,57,69,,44,56,0, 4,,
2,2013-05-17,73,58,66,,47,55,0, 1,,
2,2013-05-18,79,59,69,,55,61,0, 4,,
2,2013-05-19,87,62,75,,60,66,0,10,,
2,2013-05-20,92,65,79,,59,67,0,14,,
2,2013-05-21,82,65,74,,62,66,0, 9,,
2,2013-05-22,73,56,65,,59,62,0, 0,,
2,2013-05-23,56,43,50,,40,45,15, 0,,
2,2013-05-24,57,42,50,,33,42,15, 0,,
2,2013-05-25,57,46,52,,36,44,13, 0,,
2,2013-05-26,67,46,57,,43,50,8, 0,,
2,2013-05-27,65,56,61,,54,57,4, 0,,
2,2013-05-28,76,59,68,,63,65,0, 3,,
2,2013-05-29,85,65,75,,62,67,0,10,,
2,2013-05-30,84,65,75,,64,68,0,10,,
2,2013-05-31,78,65,72,,64,67,0, 7,,
2,2013-06-01,76,63,70,,61,64,0, 5,,
2,2013-06-02,63,47,55,,48,51,10, 0,,
2,2013-06-03,68,43,56,,40,49,9, 0,,
2,2013-06-04,72,50,61,,44,52,4, 0,,
2,2013-06-05,76,56,66,,46,55,0, 1,,
2,2013-06-06,65,54,60,,48,53,5, 0,,
2,2013-06-07,68,54,61,,44,52,4, 0,,
2,2013-06-08,74,50,62,,42,53,3, 0,,
2,2013-06-09,83,58,71,,53,61,0, 6,,
2,2013-06-10,75,61,68,,61,64,0, 3,,
2,2013-06-11,84,60,72,,61,66,0, 7,,
2,2013-06-12,87,64,76,,64,67,0,11,,
2,2013-06-13,72,59,66,,53,59,0, 1,,
2,2013-06-14,76,57,67,,50,57,0, 2,,
2,2013-06-15,81,61,71,,60,64,0, 6,,
2,2013-06-16,83,69,76,,62,67,0,11,,
2,2013-06-17,88,62,75,,56,64,0,10,,
2,2013-06-18,70,57,64,,52,57,1, 0,,
2,2013-06-19,75,57,66,,46,56,0, 1,,
2,2013-06-20,86,62,74,,57,64,0, 9,,
2,2013-06-21,85,70,78,,63,67,0,13,,
2,2013-06-22,83,70,77,,65,69,0,12,,
2,2013-06-23,89,69,79,,66,70,0,14,,
2,2013-06-24,86,68,77,,65,69,0,12,,
2,2013-06-25,87,70,79,,67,71,0,14,,
2,2013-06-26,81,68,75,,65,68,0,10,,
2,2013-06-27,91,66,79,,65,69,0,14,,
2,2013-06-28,83,68,76,,60,65,0,11,,
2,2013-06-29,72,64,68,,59,62,0, 3,,
2,2013-06-30,76,64,70,,52,60,0, 5,,
2,2013-07-01,75,61,68,,50,58,0, 3,,
2,2013-07-02,68,62,65,,53,58,0, 0,,
2,2013-07-03,74,62,68,,60,62,0, 3,,
2,2013-07-04,83,61,72,,59,65,0, 7,,
2,2013-07-05,87,63,75,,60,66,0,10,,
2,2013-07-06,82,71,77,,63,68,0,12,,
2,2013-07-07,89,70,80,,66,71,0,15,,
2,2013-07-08,87,71,79,,70,72,0,14,,
2,2013-07-09,85,75,80,,72,75,0,15,,
2,2013-07-10,87,66,77,,65,69,0,12,,
2,2013-07-11,80,63,72,,52,61,0, 7,,
2,2013-07-12,82,60,71,,54,62,0, 6,,
2,2013-07-13,83,67,75,,58,65,0,10,,
2,2013-07-14,88,73,81,,66,70,0,16,,
2,2013-07-15,91,75,83,,71,74,0,18,,
2,2013-07-16,93,77,85,,70,75,0,20,,
2,2013-07-17,95,77,86,,70,75,0,21,,
2,2013-07-18,96,79,88,,71,76,0,23,,
2,2013-07-19,97,75,86,,69,75,0,21,,
2,2013-07-20,88,72,80,,63,69,0,15,,
2,2013-07-21,89,72,81,,63,69,0,16,,
2,2013-07-22,90,72,81,,64,70,0,16,,
2,2013-07-23,80,65,73,,58,64,0, 8,,
2,2013-07-24,73,62,68,,48,57,0, 3,,
2,2013-07-25,81,58,70,,52,60,0, 5,,
2,2013-07-26,74,65,70,,58,62,0, 5,,
2,2013-07-27,68,57,63,,49,55,2, 0,,
2,2013-07-28,71,55,63,,47,54,2, 0,,
2,2013-07-29,76,58,67,,53,59,0, 2,,
2,2013-07-30,74,61,68,,56,61,0, 3,,
2,2013-07-31,75,64,70,,63,65,0, 5,,
2,2013-08-01,82,61,72,,54,62,0, 7,,
2,2013-08-02,86,65,76,,62,66,0,11,,
2,2013-08-03,79,66,73,,54,62,0, 8,,
2,2013-08-04,74,60,67,,55,61,0, 2,,
2,2013-08-05,76,63,70,,56,61,0, 5,,
2,2013-08-06,85,68,77,,65,69,0,12,,
2,2013-08-07,91,70,81,,67,71,0,16,,
2,2013-08-08,79,69,74,,55,62,0, 9,,
2,2013-08-09,84,62,73,,58,65,0, 8,,
2,2013-08-10,81,68,75,,55,63,0,10,,
2,2013-08-11,84,63,74,,57,64,0, 9,,
2,2013-08-12,85,69,77,,63,,0,12,,
2,2013-08-13,71,62,67,,50,57,0, 2,,
2,2013-08-14,71,58,65,,49,56,0, 0,,
2,2013-08-15,74,57,66,,50,58,0, 1,,
2,2013-08-16,82,58,70,,51,60,0, 5,,
2,2013-08-17,79,60,70,,55,62,0, 5,,
2,2013-08-18,81,62,72,,57,64,0, 7,,
2,2013-08-19,86,63,75,,58,65,0,10,,
2,2013-08-20,88,68,78,,61,67,0,13,,
2,2013-08-21,91,70,81,,64,70,0,16,,
2,2013-08-22,78,67,73,,66,68,0, 8,,
2,2013-08-23,81,64,73,,55,63,0, 8,,
2,2013-08-24,86,64,75,,56,64,0,10,,
2,2013-08-25,89,68,79,,60,67,0,14,,
2,2013-08-26,92,70,81,,66,71,0,16,,
2,2013-08-27,96,77,87,,68,74,0,22,,
2,2013-08-28,83,71,77,,67,71,0,12,,
2,2013-08-29,87,69,78,,65,69,0,13,,
2,2013-08-30,96,69,83,,67,71,0,18,,
2,2013-08-31,77,70,74,,66,68,0, 9,,
2,2013-09-01,84,68,76,,66,69,0,11,,
2,2013-09-02,77,62,70,,60,64,0, 5,,
2,2013-09-03,76,58,67,,54,60,0, 2,,
2,2013-09-04,84,59,72,,55,62,0, 7,,
2,2013-09-05,74,65,70,,53,60,0, 5,,
2,2013-09-06,85,62,74,,55,63,0, 9,,
2,2013-09-07,87,68,78,,61,67,0,13,,
2,2013-09-08,78,71,75,,65,68,0,10,,
2,2013-09-09,94,69,82,,68,73,0,17,,
2,2013-09-10,96,78,87,,63,71,0,22,,
2,2013-09-11,92,75,84,,66,71,0,19,,
2,2013-09-12,83,63,73,,58,64,0, 8,,
2,2013-09-13,67,54,61,,45,53,4, 0,,
2,2013-09-14,72,51,62,,41,52,3, 0,,
2,2013-09-15,62,58,60,,51,55,5, 0,,
2,2013-09-16,64,55,60,,47,53,5, 0,,
2,2013-09-17,70,53,62,,49,55,3, 0,,
2,2013-09-18,82,62,72,,58,62,0, 7,,
2,2013-09-19,84,70,77,,66,69,0,12,,
2,2013-09-20,77,59,68,,59,63,0, 3,,
2,2013-09-21,67,51,59,,46,53,6, 0,,
2,2013-09-22,67,49,58,,45,51,7, 0,,
2,2013-09-23,67,50,59,,45,52,6, 0,,
2,2013-09-24,91,52,,,48,54,,,,
2,2013-09-25,71,56,64,,51,56,1, 0,,
2,2013-09-26,75,55,65,,52,58,0, 0,,
2,2013-09-27,80,57,69,,48,57,0, 4,,
2,2013-09-28,85,58,72,,54,61,0, 7,,
2,2013-09-29,84,53,,,48,54,,,,
2,2013-09-30,76,50,63,,47,55,2, 0,,
2,2013-10-01,79,62,71,,61,64,0, 6,,
2,2013-10-02,77,64,71,,50,59,0, 6,,
2,2013-10-03,78,64,71,,65,67,0, 6,,
2,2013-10-04,76,66,71,,64,66,0, 6,,
2,2013-10-05,81,65,73,,66,68,0, 8,,
2,2013-10-06,76,48,,,44,50,,,,
2,2013-10-07,67,45,56,,44,50,9, 0,,
2,2013-10-08,76,49,63,,46,53,2, 0,,
2,2013-10-09,70,52,61,,47,53,4, 0,,
2,2013-10-10,75,51,63,,49,55,2, 0,,
2,2013-10-11,77,56,67,,48,56,0, 2,,
2,2013-10-12,73,53,63,,52,57,2, 0,,
2,2013-10-13,65,46,56,,40,48,9, 0,,
2,2013-10-14,62,45,54,,43,49,11, 0,,
2,2013-10-15,65,51,58,,50,54,7, 0,,
2,2013-10-16,54,47,51,,43,47,14, 0,,
2,2013-10-17,54,44,49,,43,47,16, 0,,
2,2013-10-18,50,42,46,,39,43,19, 0,,
2,2013-10-19,54,43,49,,36,43,16, 0,,
2,2013-10-20,65,41,53,,41,47,12, 0,,
2,2013-10-21,55,36,46,,32,40,19, 0,,
2,2013-10-22,41,31,36,,31,35,29, 0,,
2,2013-10-23,46,32,39,,27,34,26, 0,,
2,2013-10-24,44,34,39,,25,34,26, 0,,
2,2013-10-25,51,29,40,,26,36,25, 0,,
2,2013-10-26,55,38,47,,29,39,18, 0,,
2,2013-10-27,55,32,44,,29,38,21, 0,,
2,2013-10-28,54,36,45,,38,42,20, 0,,
2,2013-10-29,57,43,50,,39,45,15, 0,,
2,2013-10-30,64,47,56,,52,53,9, 0,,
2,2013-10-31,65,47,56,,56,57,9, 0,,
2,2014-05-01,50,43,47,,42,44,18, 0,,
2,2014-05-02,80,47,,,43,47,,,,
2,2014-05-03,68,49,59,,39,49,6, 0,,
2,2014-05-04,61,47,54,,31,43,11, 0,,
2,2014-05-05,59,45,52,,36,44,13, 0,,
2,2014-05-06,63,45,54,,38,47,11, 0,,
2,2014-05-07,80,52,66,,47,55,0, 1,,
2,2014-05-08,93,68,81,,58,66,0,16,,
2,2014-05-09,76,57,67,,56,61,0, 2,,
2,2014-05-10,77,52,65,,44,54,0, 0,,
2,2014-05-11,85,63,74,,55,61,0, 9,,
2,2014-05-12,86,65,76,,67,70,0,11,,
2,2014-05-13,70,54,62,,55,58,3, 0,,
2,2014-05-14,57,44,51,,41,48,14, 0,,
2,2014-05-15,57,42,50,,38,43,15, 0,,
2,2014-05-16,45,41,43,,37,40,22, 0,,
2,2014-05-17,61,41,51,,34,44,14, 0,,
2,2014-05-18,70,48,59,,38,49,6, 0,,
2,2014-05-19,71,53,62,,40,52,3, 0,,
2,2014-05-20,87,63,75,,60,65,0,10,,
2,2014-05-21,89,68,79,,58,66,0,14,,
2,2014-05-22,69,54,62,,50,56,3, 0,,
2,2014-05-23,68,51,60,,46,52,5, 0,,
2,2014-05-24,74,50,62,,45,53,3, 0,,
2,2014-05-25,85,54,70,,49,58,0, 5,,
2,2014-05-26,90,67,79,,62,67,0,14,,
2,2014-05-27,85,61,73,,65,68,0, 8,,
2,2014-05-28,73,58,66,,54,59,0, 1,,
2,2014-05-29,77,57,67,,55,59,0, 2,,
2,2014-05-30,79,57,68,,53,59,0, 3,,
2,2014-05-31,89,60,75,,53,62,0,10,,
2,2014-06-01,92,69,81,,60,68,0,16,,
2,2014-06-02,85,69,77,,65,70,0,12,,
2,2014-06-03,82,70,76,,53,62,0,11,,
2,2014-06-04,72,58,65,,56,59,0, 0,,
2,2014-06-05,75,56,66,,44,55,0, 1,,
2,2014-06-06,82,54,68,,42,55,0, 3,,
2,2014-06-07,85,62,74,,51,60,0, 9,,
2,2014-06-08,70,55,63,,48,55,2, 0,,
2,2014-06-09,79,56,68,,52,58,0, 3,,
2,2014-06-10,70,59,65,,56,59,0, 0,,
2,2014-06-11,69,62,66,,60,62,0, 1,,
2,2014-06-12,82,63,73,,59,64,0, 8,,
2,2014-06-13,75,57,66,,45,55,0, 1,,
2,2014-06-14,80,57,69,,43,56,0, 4,,
2,2014-06-15,86,64,75,,58,65,0,10,,
2,2014-06-16,90,69,80,,64,70,0,15,,
2,2014-06-17,93,79,86,,68,74,0,21,,
2,2014-06-18,85,63,74,,67,70,0, 9,,
2,2014-06-19,82,60,71,,66,68,0, 6,,
2,2014-06-20,86,66,76,,67,70,0,11,,
2,2014-06-21,85,63,74,,65,67,0, 9,,
2,2014-06-22,82,66,74,,64,67,0, 9,,
2,2014-06-23,84,69,77,,69,71,0,12,,
2,2014-06-24,85,70,78,,70,72,0,13,,
2,2014-06-25,79,62,71,,63,65,0, 6,,
2,2014-06-26,77,60,69,,60,63,0, 4,,
2,2014-06-27,91,62,77,,65,70,0,12,,
2,2014-06-28,88,75,82,,70,73,0,17,,
2,2014-06-29,88,71,80,,70,73,0,15,,
2,2014-06-30,88,68,78,,71,73,0,13,,
2,2014-07-01,84,68,76,,64,68,0,11,,
2,2014-07-02,74,58,66,,56,60,0, 1,,
2,2014-07-03,75,57,66,,51,58,0, 1,,
2,2014-07-04,79,60,70,,50,59,0, 5,,
2,2014-07-05,79,63,71,,55,62,0, 6,,
2,2014-07-06,89,66,78,,66,70,0,13,,
2,2014-07-07,89,72,81,,66,71,0,16,,
2,2014-07-08,84,70,77,,62,68,0,12,,
2,2014-07-09,81,64,73,,58,64,0, 8,,
2,2014-07-10,78,63,71,,56,62,0, 6,,
2,2014-07-11,83,63,73,,54,63,0, 8,,
2,2014-07-12,81,70,76,,69,72,0,11,,
2,2014-07-13,86,71,79,,65,69,0,14,,
2,2014-07-14,81,64,73,,57,63,0, 8,,
2,2014-07-15,71,57,64,,53,58,1, 0,,
2,2014-07-16,73,56,65,,50,57,0, 0,,
2,2014-07-17,78,58,68,,53,60,0, 3,,
2,2014-07-18,81,64,73,,55,62,0, 8,,
2,2014-07-19,80,62,71,,56,63,0, 6,,
2,2014-07-20,84,66,75,,59,65,0,10,,
2,2014-07-21,87,68,78,,63,69,0,13,,
2,2014-07-22,91,72,82,,70,74,0,17,,
2,2014-07-23,76,64,70,,56,61,0, 5,,
2,2014-07-24,75,60,68,,52,59,0, 3,,
2,2014-07-25,77,60,69,,57,62,0, 4,,
2,2014-07-26,85,70,78,,67,70,0,13,,
2,2014-07-27,89,66,78,,62,68,0,13,,
2,2014-07-28,73,62,68,,50,58,0, 3,,
2,2014-07-29,81,60,71,,55,62,0, 6,,
2,2014-07-30,80,61,71,,58,62,0, 6,,
2,2014-07-31,85,63,74,,59,65,0, 9,,
2,2014-08-01,83,67,75,,60,65,0,10,,
2,2014-08-02,84,63,74,,56,63,0, 9,,
2,2014-08-03,87,66,77,,62,67,0,12,,
2,2014-08-04,88,68,78,,64,69,0,13,,
2,2014-08-05,80,68,74,,66,69,0, 9,,
2,2014-08-06,81,65,73,,57,64,0, 8,,
2,2014-08-07,81,69,75,,61,66,0,10,,
2,2014-08-08,82,70,76,,60,66,0,11,,
2,2014-08-09,80,68,74,,59,65,0, 9,,
2,2014-08-10,82,71,77,,62,67,0,12,,
2,2014-08-11,84,68,76,,67,69,0,11,,
2,2014-08-12,70,63,67,,59,62,0, 2,,
2,2014-08-13,83,59,71,,59,63,0, 6,,
2,2014-08-14,73,61,67,,50,58,0, 2,,
2,2014-08-15,79,55,67,,51,59,0, 2,,
2,2014-08-16,81,64,73,,64,67,0, 8,,
2,2014-08-17,72,66,69,,64,66,0, 4,,
2,2014-08-18,85,67,76,,66,69,0,11,,
2,2014-08-19,86,73,80,,68,71,0,15,,
2,2014-08-20,87,68,78,,67,71,0,13,,
2,2014-08-21,83,71,77,,72,73,0,12,,
2,2014-08-22,87,74,81,,73,75,0,16,,
2,2014-08-23,87,71,79,,72,74,0,14,,
2,2014-08-24,89,73,81,,73,75,0,16,,
2,2014-08-25,92,73,83,,72,74,0,18,,
2,2014-08-26,86,49,,,68,71,,,,
2,2014-08-27,81,70,76,,63,67,0,11,,
2,2014-08-28,77,69,73,,61,66,0, 8,,
2,2014-08-29,88,73,81,,69,72,0,16,,
2,2014-08-30,86,74,80,,69,72,0,15,,
2,2014-08-31,87,71,79,,69,72,0,14,,
2,2014-09-01,85,74,80,,69,72,0,15,,
2,2014-09-02,85,69,77,,62,67,0,12,,
2,2014-09-03,85,67,76,,63,68,0,11,,
2,2014-09-04,87,73,80,,69,72,0,15,,
2,2014-09-05,89,67,78,,69,72,0,13,,
2,2014-09-06,76,62,69,,54,60,0, 4,,
2,2014-09-07,79,58,69,,53,60,0, 4,,
2,2014-09-08,79,60,70,,54,61,0, 5,,
2,2014-09-09,81,66,74,,62,66,0, 9,,
2,2014-09-10,82,58,70,,64,67,0, 5,,
2,2014-09-11,58,52,55,,45,50,10, 0,,
2,2014-09-12,57,46,52,,48,50,13, 0,,
2,2014-09-13,60,42,51,,42,47,14, 0,,
2,2014-09-14,67,46,57,,44,51,8, 0,,
2,2014-09-15,62,54,58,,50,54,7, 0,,
2,2014-09-16,69,47,58,,46,52,7, 0,,
2,2014-09-17,72,49,61,,48,54,4, 0,,
2,2014-09-18,72,53,63,,54,57,2, 0,,
2,2014-09-19,76,57,67,,49,57,0, 2,,
2,2014-09-20,80,63,72,,62,65,0, 7,,
2,2014-09-21,70,52,61,,51,56,4, 0,,
2,2014-09-22,69,48,59,,45,52,6, 0,,
2,2014-09-23,76,50,63,,48,55,2, 0,,
2,2014-09-24,77,54,66,,50,57,0, 1,,
2,2014-09-25,78,58,68,,54,59,0, 3,,
2,2014-09-26,81,59,70,,55,61,0, 5,,
2,2014-09-27,79,61,70,,57,62,0, 5,,
2,2014-09-28,79,58,69,,57,62,0, 4,,
2,2014-09-29,84,57,71,,57,61,0, 6,,
2,2014-09-30,61,51,56,,49,52,9, 0,,
2,2014-10-01,73,52,63,,51,57,2, 0,,
2,2014-10-02,75,66,71,,63,65,0, 6,,
2,2014-10-03,68,46,57,,47,52,8, 0,,
2,2014-10-04,49,37,43,,35,41,22, 0,,
2,2014-10-05,56,42,49,,36,44,16, 0,,
2,2014-10-06,63,48,56,,40,47,9, 0,,
2,2014-10-07,69,49,59,,45,51,6, 0,,
2,2014-10-08,67,48,58,,36,48,7, 0,,
2,2014-10-09,64,50,57,,36,46,8, 0,,
2,2014-10-10,59,44,52,,40,46,13, 0,,
2,2014-10-11,60,40,50,,36,44,15, 0,,
2,2014-10-12,64,45,55,,44,50,10, 0,,
2,2014-10-13,71,59,65,,61,62,0, 0,,
2,2014-10-14,67,54,61,,59,60,4, 0,,
2,2014-10-15,58,53,56,,53,54,9, 0,,
2,2014-10-16,58,53,56,,52,53,9, 0,,
2,2014-10-17,63,49,56,,48,52,9, 0,,
2,2014-10-18,52,39,46,,40,44,19, 0,,
2,2014-10-19,57,36,47,,40,44,18, 0,,
2,2014-10-20,66,50,58,,46,51,7, 0,,
2,2014-10-21,54,49,52,,41,46,13, 0,,
2,2014-10-22,56,43,50,,38,44,15, 0,,
2,2014-10-23,62,41,52,,41,47,13, 0,,
2,2014-10-24,68,54,61,,48,53,4, 0,,
2,2014-10-25,75,52,64,,41,52,1, 0,,
2,2014-10-26,66,44,55,,33,45,10, 0,,
2,2014-10-27,79,54,67,,52,59,0, 2,,
2,2014-10-28,66,48,57,,40,48,8, 0,,
2,2014-10-29,49,40,45,,34,42,20, 0,,
2,2014-10-30,53,37,45,,35,42,20, 0,,
2,2014-10-31,49,34,42,,29,36,23, 0,,
